{"cameraMode":{"drawMode":0,"name":"Shaded","section":"Shading Mode"},"sceneLighting":false,"audioPlay":false,"sceneViewState":{"showFog":false,"showMaterialUpdate":false,"showSkybox":false,"showFlares":false,"showImageEffects":false,"showParticleSystems":false},"in2DMode":false,"pivot":{"x":28.586750030517579,"y":-35.48406219482422,"z":30.470008850097658},"rotation":{"x":-0.22501347959041596,"y":-0.37355515360832217,"z":0.09391719847917557,"w":-0.8949888944625855},"size":134.3687744140625,"orthographic":false}